PROJECT ID,PROJECT DESCRIPTION,REPOSITORY URL,BT STATIC ID,BT DYNAMIC ID,PRODUCTION URL,PLAYGROUND URL
agm,AGM Portal,https://github.com/ec-europa/agm-reference,82485,82484,https://ec.europa.eu/tools/agm,https://webgate.ec.europa.eu/playground-multisite/agm
agri-eip,EIP-AGRI Agriculture & innovation,https://github.com/ec-europa/agri-eip-reference,82487,82486,https://ec.europa.eu/eip/agriculture,https://webgate.ec.europa.eu/playground-multisite/agri-eip
amr,EU Action on Antimicrobial Resistance,https://github.com/ec-europa/amr-reference,82489,82488,https://ec.europa.eu/health/amr,https://webgate.ec.europa.eu/playground-multisite/amr
anti-fraud,OLAF European Anti-fraud Office,https://github.com/ec-europa/anti-fraud-reference,82491,82490,https://ec.europa.eu/anti-fraud,https://webgate.ec.europa.eu/playground-multisite/antifraud
antitrafficking,Together Against Trafficking in Human Beings,https://github.com/ec-europa/antitrafficking-reference,82493,82492,https://ec.europa.eu/anti-trafficking,https://webgate.ec.europa.eu/playground-multisite/antitrafficking
argiculture,Agriculture and rural development,https://github.com/ec-europa/argiculture-reference,82495,82494,https://ec.europa.eu/agriculture,https://webgate.ec.europa.eu/playground-multisite/agriculture
basext,BASEXT - Statistical portal of International data and metadata,https://github.com/ec-europa/basext-reference,82497,82496,https://webgate.ec.europa.eu/multisite/basext,https://webgate.ec.europa.eu/playground-multisite/basext
cem,Comm Europa Management,https://github.com/ec-europa/cem-reference,82499,82498,https://webgate.ec.europa.eu/multisite/cem,https://webgate.ec.europa.eu/playground-multisite/cem
chafea,CHAFEA Promotion of agricultural products,https://github.com/ec-europa/chafea-reference,82501,82500,https://ec.europa.eu/chafea/agri,https://webgate.ec.europa.eu/playground-multisite/chafea
cim,Children in Migration,https://github.com/ec-europa/cim-reference,82503,82502,https://webgate.ec.europa.eu/protecting-children-in-migration/,https://webgate.ec.europa.eu/playground-multisite/cim
cleanvehicule,Archived,https://github.com/ec-europa/cleanvehicule-reference,82505,82504,https://webgate.ec.europa.eu/multisite/cleanvehicle,https://webgate.ec.europa.eu/playground-multisite/cleanvehicule
clima,Climate Action,https://github.com/ec-europa/clima-reference,82507,82506,https://webgate.ec.europa.eu/multisite/clima,https://webgate.ec.europa.eu/playground-multisite/clima
comm-digitaltransformation-blog,EU Digital - Transforming online communication at the European Commission,https://github.com/ec-europa/comm-digitaltransformation-blog-reference,82509,82508,https://blogs.ec.europa.eu/eu-digital,https://webgate.ec.europa.eu/playground-multisite/comm-digitaltransformation-blog
commpo,COMMPO,https://github.com/ec-europa/commpo-reference,82511,82510,https://webgate.ec.europa.eu/multisite/commpo,https://webgate.ec.europa.eu/playground-multisite/commpo
consular-protection,Consular Protection,https://github.com/ec-europa/consular-protection-reference,82513,82512,https://ec.europa.eu/consularprotection,https://webgate.ec.europa.eu/playground-multisite/consular-protection
council,Archived,https://github.com/ec-europa/council-reference,82515,82514,,https://webgate.ec.europa.eu/playground-multisite/council
creativeeurope,Creative Europe - Supporting Europe's cultural and creative sectors,https://github.com/ec-europa/creativeeurope-reference,82517,82516,https://ec.europa.eu/programmes/creative-europe,https://webgate.ec.europa.eu/playground-multisite/creative-europe
crosportal,Collaboration in Research and Methodology for Official Statistics,https://github.com/ec-europa/crosportal-reference,82519,82518,https://ec.europa.eu/eurostat/cros,https://webgate.ec.europa.eu/playground-multisite/crosportal
culture,CULTURE - Supporting Europe's cultural and creative sectors,https://github.com/ec-europa/culture-reference,82521,82520,https://ec.europa.eu/culture,https://webgate.ec.europa.eu/playground-multisite/culture
daphne-toolkit,Projects funded under the Daphne Funding Programme,https://github.com/ec-europa/daphne-toolkit-reference,82525,82524,https://ec.europa.eu/justice/grants/results/daphne-toolkit,https://webgate.ec.europa.eu/playground-multisite/daphne-toolkit
devco,International Cooperation and Development,https://github.com/ec-europa/devco-reference,82527,82526,https://ec.europa.eu/europeaid,https://webgate.ec.europa.eu/playground-multisite/devco
digit-ict,DIGIT-ICT Conference,https://github.com/ec-europa/digit-ict-reference,82529,82528,https://ec.europa.eu/digit-ict,https://webgate.ec.europa.eu/playground-multisite/digit-ict
digital-agenda,Digital Single Market,https://github.com/ec-europa/digital-agenda-reference,82531,82530,https://ec.europa.eu/digital-single-market,https://webgate.ec.europa.eu/playground-multisite/digital-agenda
dm-trainet,European Disaster Management Training Network,https://github.com/ec-europa/dm-trainet-reference,82533,82532,https://webgate.ec.europa.eu/dm-training-network,https://webgate.ec.europa.eu/playground-multisite/dm-trainet
dms,EMPL - Direct Management Suite,https://github.com/ec-europa/dms-reference,141267,141269,https://webgate.ec.europa.eu/multisite/dms,https://webgate.ec.europa.eu/playground-multisite/dms
dt-brp,Better Regulation Policy,https://github.com/ec-europa/dt_brp_reference,82535,82534,https://ec.europa.eu/info/law/better-regulation,https://webgate.ec.europa.eu/playground-multisite/brp
dt-cwt,The Commissioners,https://github.com/ec-europa/dt_cwt_reference,82537,82536,https://ec.europa.eu/commission/commissioners,https://webgate.ec.europa.eu/playground-multisite/cwt
dt-info,"Your guide to policies, information and services",https://github.com/ec-europa/dt_info_reference,82539,82538,https://ec.europa.eu/info,https://webgate.ec.europa.eu/playground-multisite/info
dt-pol,The European Commission's priorities,https://github.com/ec-europa/dt_pol_reference,82541,82540,https://ec.europa.eu/commission,https://webgate.ec.europa.eu/playground-multisite/beta-political
eac-eqf,Learning Opportunities and Qualifications in Europe,https://github.com/ec-europa/eac-eqf-reference,82543,82542,https://ec.europa.eu/ploteus,https://webgate.ec.europa.eu/playground-multisite/eac-eqf
eac-eyp,European Youth Portal,https://github.com/ec-europa/eac-eyp-reference,82545,82544,https://europa.eu/youth,https://webgate.ec.europa.eu/playground-multisite/youth
eacea-site,"Education, Audiovisual and Culture Executive Agency",https://github.com/ec-europa/eacea-site-reference,82547,82546,https://eacea.ec.europa.eu/,https://webgate.ec.europa.eu/playground-multisite/eacea-site
easme-site,Executive Agency for Small and Medium-sized Enterprises,https://github.com/ec-europa/easme-site-reference,82549,82548,https://ec.europa.eu/easme,https://webgate.ec.europa.eu/playground-multisite/easme-site
echo-site,European Civil Protection and Humanitarian Aid Operations,https://github.com/ec-europa/echo-site-reference,82551,82550,https://ec.europa.eu/echo,https://webgate.ec.europa.eu/playground-multisite/echo-site
ecn-brief,European Competition Network,https://github.com/ec-europa/ecn-brief-reference,82553,82552,https://webgate.ec.europa.eu/multisite/ecn-brief,https://webgate.ec.europa.eu/playground-multisite/ecn-brief
eco-innovation-projects,Eco-innovation,https://github.com/ec-europa/eco-innovation-projects-reference,82555,82554,https://ec.europa.eu/environment/eco-innovation/projects,https://webgate.ec.europa.eu/playground-multisite/eco-innovation-projects
ecoap-stayconnected,Eco-innovation Action Plan,https://github.com/ec-europa/ecoap_stayconnected-reference,82557,82556,https://ec.europa.eu/environment/ecoap,https://webgate.ec.europa.eu/playground-multisite/ecoap_stayconnected
edpb,European Data Protection Board,https://github.com/ec-europa/edpb-reference,82559,82558,https://webgate.ec.europa.eu/multisite/edpb,https://webgate.ec.europa.eu/playground-multisite/edpb
edpsweb,European Data Protection Supervisor,https://github.com/ec-europa/edpsweb-reference,82561,82560,https://github.com/ec-europa/edpsweb-reference,https://webgate.ec.europa.eu/playground-multisite/edp
education2,Education and training,https://github.com/ec-europa/education2-reference,145375,145376,https://ec.europa.eu/education,https://webgate.ec.europa.eu/playground-multisite/education
eductraining,Education and training,https://github.com/ec-europa/eductraining-reference,82563,82562,https://ec.europa.eu/education,https://webgate.ec.europa.eu/playground-multisite/education
eeas,European Union External Action,https://github.com/ec-europa/eeas-reference,82565,82564,https://eeas.europa.eu,https://webgate.ec.europa.eu/playground-multisite/eeas
efsa,European Food Safety Authority,https://github.com/ec-europa/efsa-reference,136875,136870,http://www.efsa.europa.eu,https://webgate.ec.europa.eu/playground-multisite/efsa
eiopa,European Insurance and Occupational Pensions Authority,https://github.com/ec-europa/eiopa-reference,147514,147515,https://webgate.ec.europa.eu/multisite/eiopa,https://webgate.ec.europa.eu/playground-multisite/eiopa
eip-aha,European Innovation Partnership on Active and Healthy Ageing,https://github.com/ec-europa/eip-aha-reference,82567,82566,https://ec.europa.eu/eip/ageing,https://webgate.ec.europa.eu/playground-multisite/eipaha
ejtp,European Justice Training Platform,https://github.com/ec-europa/ejtp-reference,82569,82568,https://webgate.ec.europa.eu/multisite/ejtp,https://webgate.ec.europa.eu/playground-multisite/ejtp
ema,European Medicine Agency,https://github.com/ec-europa/ema-reference,147512,147513,https://webgate.ec.europa.eu/multisite/ema,https://webgate.ec.europa.eu/playground-multisite/ema
emnies,EMN IES - European Migration Network Information Exchange System Select your language,https://github.com/ec-europa/emnies-reference,82571,82570,https://webgate.ec.europa.eu/emn-ies,https://webgate.ec.europa.eu/playground-multisite/emnies
encasia,European Network of Civil Aviation Safety Investigation Authorities,https://github.com/ec-europa/encasia-reference,82573,82572,https://webgate.ec.europa.eu/multisite/encasia,https://webgate.ec.europa.eu/playground-multisite/encasia
ener,Energy,https://github.com/ec-europa/ener-reference,82575,82574,https://ec.europa.eu/energy,https://webgate.ec.europa.eu/playground-multisite/ener
enrd,The European Network for Rural Development (ENRD),https://github.com/ec-europa/enrd-reference,82577,82576,https://enrd.ec.europa.eu,https://webgate.ec.europa.eu/playground-multisite/enrd
env-efe,Environment for Europeans,https://github.com/ec-europa/env-efe-reference,82579,82578,https://ec.europa.eu/environment/efe,https://webgate.ec.europa.eu/playground-multisite/efe
epale,Electronic Platform for Adult Learning in Europe,https://github.com/ec-europa/epale-reference,82581,82580,https://ec.europa.eu/epale,https://webgate.ec.europa.eu/playground-multisite/epale
epsc,EPSC - European Political Strategy Centre,https://github.com/ec-europa/epsc-reference,82583,82582,https://ec.europa.eu/epsc,https://webgate.ec.europa.eu/playground-multisite/epsc
epso,European Personnel Selection Office,https://github.com/ec-europa/epso-reference,147510,147511,https://epso.europa.eu,https://webgate.ec.europa.eu/playground-multisite/epso
epsocontact,European Personnel Selection Office,https://github.com/ec-europa/epsocontact-reference,82585,82584,https://epso.europa.eu,https://webgate.ec.europa.eu/playground-multisite/epsocontact
era,European Union Agency for Railways,https://github.com/ec-europa/era-reference,82587,82586,https://webgate.ec.europa.eu/multisite/era,https://webgate.ec.europa.eu/playground-multisite/era
erasmusplus,Erasmus+,https://github.com/ec-europa/erasmusplus-reference,82589,82588,https://ec.europa.eu/programmes/erasmus-plus,https://webgate.ec.europa.eu/playground-multisite/erasmusplus
erasmusplus2,Erasmus+,https://github.com/ec-europa/erasmusplus2-reference,82591,82590,https://ec.europa.eu/programmes/erasmus-plus,https://webgate.ec.europa.eu/playground-multisite/
ersc,European Road Safety Charter,https://github.com/ec-europa/ersc-reference,82593,82592,https://webgate.ec.europa.eu/multisite/ersc,https://webgate.ec.europa.eu/playground-multisite/
esf-tc,European Social Fund - Transnationality,https://github.com/ec-europa/esf-tc-reference,82595,82594,https://ec.europa.eu/esf/transnationality,https://webgate.ec.europa.eu/playground-multisite/esf
euandme,EU AND ME,https://github.com/ec-europa/euandme-reference,141261,141263,https://webgate.ec.europa.eu/multisite/euandme,https://webgate.ec.europa.eu/playground-multisite/euandme
eu-aid,European Civil Protection and Humanitarian Aid Operations,https://github.com/ec-europa/eu-aid-reference,82597,82596,https://webgate.ec.europa.eu/echo/eu-aid-volunteers_en,https://webgate.ec.europa.eu/playground-multisite/eu-aid
eu-invest,EU investment,https://github.com/ec-europa/eu-invest-reference,82599,82598,https://europa.eu/investeu,https://webgate.ec.europa.eu/playground-multisite/investeu
euetfa,EU Emergency Trust Fund for Africa,https://github.com/ec-europa/euetfa-reference,82601,82600,https://webgate.ec.europa.eu/multisite/euetfa,https://webgate.ec.europa.eu/playground-multisite/euetfa
eufinance,EU finance,https://github.com/ec-europa/eufinance-reference,82603,82602,http://europa.eu/youreurope/business/funding-grants/access-to-finance/search,https://webgate.ec.europa.eu/playground-multisite/eufinance
euip,EU Immigration Portal,https://github.com/ec-europa/euip-reference,82605,82604,https://webgate.ec.europa.eu/multisite/immigration,https://webgate.ec.europa.eu/playground-multisite/
euprojects,EU Funded Projects,https://github.com/ec-europa/euprojects-reference,82607,82606,https://ec.europa.eu/budget/euprojects,https://webgate.ec.europa.eu/playground-multisite/euprojects
europaeu,Official website of the European Union,https://github.com/ec-europa/europaeu-reference,82609,82608,https://europa.eu/european-union,https://webgate.ec.europa.eu/playground-multisite/europaeu
europahub,Europa Hub,https://github.com/ec-europa/europahub-reference,82611,82610,https://webgate.ec.europa.eu/europa-hub/,https://webgate.ec.europa.eu/playground-multisite/europahub
eurydice,EACEA National Policies Platform (Eurydice),https://github.com/ec-europa/eurydice-reference,82613,82612,https://eacea.ec.europa.eu/national-policies/eurydice,https://webgate.ec.europa.eu/playground-multisite/eurydice
eusdgs,Sustainable Development Goals,https://github.com/ec-europa/eusdgs-reference,82615,82614,https://ec.europa.eu/sustainable-development,https://webgate.ec.europa.eu/playground-multisite/eusdgs
eusinglesky,Single European Sky Performance,https://github.com/ec-europa/eusinglesky-reference,82617,82616,https://webgate.ec.europa.eu/eusinglesky,https://webgate.ec.europa.eu/playground-multisite/eusinglesky
euvp,European Union Visitors Programme,https://github.com/ec-europa/euvp-reference,82619,82618,https://europa.eu/euvp,https://webgate.ec.europa.eu/playground-multisite/euvp
expert-pane,Health and Food Safety - Expert Panel on Effective ways of Investing in Health,https://github.com/ec-europa/expert-pane-reference,82621,82620,https://ec.europa.eu/health/expert_panel,https://webgate.ec.europa.eu/playground-multisite/expertpanel
eych,European Year of Cultural Heritage,https://github.com/ec-europa/eych-reference,82623,82622,https://webgate.ec.europa.eu/multisite/eych,https://webgate.ec.europa.eu/playground-multisite/eych
farnet,FARNET Fisheries Areas Network,https://github.com/ec-europa/farnet-reference,82625,82624,https://webgate.ec.europa.eu/fpfis/cms/farnet2,https://webgate.ec.europa.eu/playground-multisite/farnet
food-animals-plants,Food Safety,https://github.com/ec-europa/food-animals-plants-reference,82627,82626,https://ec.europa.eu/food,https://webgate.ec.europa.eu/playground-multisite/food
fpi,Service for Foreign Policy Instruments,https://github.com/ec-europa/fpi-reference,82629,82628,http://ec.europa.eu/dgs/fpi,https://webgate.ec.europa.eu/playground-multisite/fpi
fra,European Union Agency for Fundamental Rights,https://github.com/ec-europa/fra-reference,82631,82630,https://webgate.ec.europa.eu/multisite/fra,https://webgate.ec.europa.eu/playground-multisite/fra
funds,Archived,https://github.com/ec-europa/funds-reference,82633,82632,https://ec.europa.eu/archives/budget/funding,https://webgate.ec.europa.eu/playground-multisite/funds
futurium,Platform dedicated to European citizens for discussing EU policies,https://github.com/ec-europa/futurium-reference,82635,82634,https://ec.europa.eu/futurium,https://webgate.ec.europa.eu/playground-multisite/futurium
globalstrategy,EU Global Strategy,https://github.com/ec-europa/globalstrategy-reference,82637,82636,https://europa.eu/globalstrategy,https://webgate.ec.europa.eu/playground-multisite/globalstrategy
grid-communications-toolkit,Grid Infrastructure Communication Toolkit,https://github.com/ec-europa/grid-communications-toolkit-reference,82639,82638,https://webgate.ec.europa.eu/multisite/gridcommunicationstoolkit,https://webgate.ec.europa.eu/playground-multisite/gridcommunicationstoolkit
growth,"GROWTH Internal Market, Industry, Entrepreneurship and SMEs",https://github.com/ec-europa/growth-reference,82641,82640,https://ec.europa.eu/growth,https://webgate.ec.europa.eu/playground-multisite/growth
health,Public Health,https://github.com/ec-europa/health-reference,82643,82642,https://ec.europa.eu/health,https://webgate.ec.europa.eu/playground-multisite/health
heli,Archived,https://github.com/ec-europa/heli-reference,82645,82644,https://webgate.ec.europa.eu/multisite/heli,https://webgate.ec.europa.eu/playground-multisite/heli
home-affairs,Migration and Home Affairs,https://github.com/ec-europa/home-affairs-reference,82647,82646,https://webgate.ec.europa.eu/multisite/homeaffairs,https://webgate.ec.europa.eu/playground-multisite/homeaffairs
horizon2020,Horizon 2020 - EU Research and Innovation programme,https://github.com/ec-europa/horizon2020-reference,82649,82648,https://ec.europa.eu/programmes/horizon2020,https://webgate.ec.europa.eu/playground-multisite/horizon2020
hr-contact,HR-CONTACT,https://github.com/ec-europa/hr-contact-reference,82651,82650,https://webgate.ec.europa.eu/multisite/hr-contact,https://webgate.ec.europa.eu/playground-multisite/hr-contact
iee-projects,Intelligent Energy Europe,https://github.com/ec-europa/iee-projects-reference,82653,82652,https://ec.europa.eu/energy/intelligent/projects,https://webgate.ec.europa.eu/playground-multisite/iee-projects
inforegio,INFOREGIO,https://github.com/ec-europa/inforegio-reference,147506,147507,https://webgate.ec.europa.eu/multisite/inforegio,https://webgate.ec.europa.eu/playground-multisite/inforegio
inea,Innovation and Networks Executive Agency,https://github.com/ec-europa/inea-reference,82655,82654,https://ec.europa.eu/inea,https://webgate.ec.europa.eu/playground-multisite/inea
inseparable,Fisheries - Inseparable,https://github.com/ec-europa/inseparable-reference,82657,82656,https://ec.europa.eu/fisheries/inseparable,https://webgate.ec.europa.eu/playground-multisite/inseparable
isa,"Interoperability solutions for public administrations, businesses and citizens",https://github.com/ec-europa/isa-reference,82659,82658,https://ec.europa.eu/isa2,https://webgate.ec.europa.eu/playground-multisite/isa
isadb,Archived,https://github.com/ec-europa/isadb-reference,82661,82660,,
jrc-hub,Archived,https://github.com/ec-europa/jrc-hub-reference,82663,82662,,
jrc-pilot,Archived,https://github.com/ec-europa/jrc-pilot-reference,82665,82664,,
jrccties,JRC Science Hub Communities,https://github.com/ec-europa/jrccties-reference,82667,82666,https://ec.europa.eu/jrc/communities,https://webgate.ec.europa.eu/playground-multisite/jrccties
jrcsh,EU Science Hub,https://github.com/ec-europa/jrcsh-reference,82669,82668,https://ec.europa.eu/jrc,https://webgate.ec.europa.eu/playground-multisite/jrcsh
kci,Knowledge Centre on Interpretation,https://github.com/ec-europa/kci-reference,126723,126724,NOT DEPLOY YET,NOT DEPLOY YET
know4pol,Knowledge for policy,https://github.com/ec-europa/know4pol-reference,82673,82672,https://webgate.ec.europa.eu/multisite/know4pol,https://webgate.ec.europa.eu/playground-multisite/know4pol
mare-emd,European Maritime Day,https://github.com/ec-europa/mare-emd-reference,82675,82674,https://ec.europa.eu/maritimeaffairs/maritimeday,https://webgate.ec.europa.eu/playground-multisite/mare-emd
mare-magaz,Maritime Affairs and Fisheries - Online magazine,https://github.com/ec-europa/mare-magaz-reference,82677,82676,https://ec.europa.eu/dgs/maritimeaffairs_fisheries/magazine,https://webgate.ec.europa.eu/playground-multisite/mare-magaz
mariecurie-actions,Marie SkÅ‚odowska-Curie Actions,https://github.com/ec-europa/mariecurie-actions-reference,82679,82678,https://ec.europa.eu/research/mariecurieactions,https://webgate.ec.europa.eu/playground-multisite/mariecurie
mariecurie2,Marie SkÅ‚odowska-Curie Actions,https://github.com/ec-europa/mariecurie2-reference,82681,82680,https://webgate.ec.europa.eu/multisite/mariecurie2,https://webgate.ec.europa.eu/playground-multisite/mariecurie2
maritime-affaires,Maritime affairs,https://github.com/ec-europa/maritime-affaires-reference,82683,82682,https://ec.europa.eu/maritimeaffairs,https://webgate.ec.europa.eu/playground-multisite/maritimeaffairs
maritimeforum,Maritime Forum,https://github.com/ec-europa/maritimeforum-reference,82685,82684,https://webgate.ec.europa.eu/maritimeforum,https://webgate.ec.europa.eu/playground-multisite/maritimeforum
microdata,Microdata Access Workflow Tool,https://github.com/ec-europa/microdata-reference,82687,82686,https://webgate.ec.europa.eu/multisite/microdata,https://webgate.ec.europa.eu/playground-multisite/microdata
migr-fisheries,Fisheries,https://github.com/ec-europa/migr-fisheries-reference,82689,82688,https://ec.europa.eu/fisheries,https://webgate.ec.europa.eu/playground-multisite/fisheries
migr-move,Mobility and Transport,https://github.com/ec-europa/migr-move-reference,82691,82690,https://ec.europa.eu/transport,https://webgate.ec.europa.eu/playground-multisite/transport
mossportal,Moss Portal - Taxation and customs union,https://github.com/ec-europa/mossportal-reference,82693,82692,https://webgate.ec.europa.eu/multisite/mossportal,https://webgate.ec.europa.eu/playground-multisite/mossportal
n-lex-migration,N-Lex - A common gateway to National Law,https://github.com/ec-europa/n-lex-migration-reference,82695,82694,https://webgate.ec.europa.eu/multisite/n-lex-migration,https://webgate.ec.europa.eu/playground-multisite/n-lex-migration
near,European Neighbourhood Policy And Enlargement Negotiations,https://github.com/ec-europa/near-reference,82697,82696,https://ec.europa.eu/neighbourhood-enlargement,https://webgate.ec.europa.eu/playground-multisite/near
newsroom,European Union Newsroom,https://github.com/ec-europa/newsroom-reference,82699,82698,https://europa.eu/newsroom,https://webgate.ec.europa.eu/playground-multisite/newsroom
oil-mit,OIL - MIT,https://github.com/ec-europa/oil-mit-reference,82701,82700,https://ec.europa.eu/infrastructure-logistics/mit,https://webgate.ec.europa.eu/playground-multisite/oil-mit
organic,Agriculture and rural development - Organic Farming,https://github.com/ec-europa/organic-reference,82703,82702,https://ec.europa.eu/agriculture/organic,https://webgate.ec.europa.eu/playground-multisite/organic
pics,DG TAXUD Programmes Information and Collaboration Space,https://github.com/ec-europa/pics-reference,147504,147505,https://webgate.ec.europa.eu/pics,https://webgate.ec.europa.eu/fpfis/playground-pics
pmo-contact,PMO Contact,https://github.com/ec-europa/pmo-contact-reference,82705,82704,https://ec.europa.eu/pmo/contact,https://webgate.ec.europa.eu/playground-multisite/pmocontact
ppcm,Participant Portal Content Management,https://github.com/ec-europa/ppcm-reference,82707,82706,https://intragate.ec.europa.eu/research/ppcm,https://webgate.ec.europa.eu/playground-multisite/ppcm
primeinfrastructure,Platform of Rail Infrastructure Managers in Europe,https://github.com/ec-europa/primeinfrastructure-reference,82709,82708,https://webgate.ec.europa.eu/multisite/primeinfrastructure,https://webgate.ec.europa.eu/playground-multisite/primeinfrastructure
publicare,PubliCare - The Publications Office website for its customers,https://github.com/ec-europa/publicare-reference,82711,82710,https://webgate.ec.europa.eu/multisite/publicare,https://webgate.ec.europa.eu/playground-multisite/publicare
rawmaterials,The European Innovation Partnership (EIP) on Raw Materials,https://github.com/ec-europa/rawmaterials-reference,82713,82712,https://ec.europa.eu/growth/tools-databases/eip-raw-materials/,https://webgate.ec.europa.eu/playground-multisite/rawmaterials
rebuttal,Archived,https://github.com/ec-europa/rebuttal-reference,82715,82714,https://ec.europa.eu/archives/rebuttal,https://webgate.ec.europa.eu/playground-multisite/not found
reps-austria,Representation in Austria,https://github.com/ec-europa/reps-austria-reference,82717,82716,https://ec.europa.eu/austria,https://webgate.ec.europa.eu/playground-multisite/austria
reps-barcelona,Representation in Barcelona,https://github.com/ec-europa/reps-barcelona-reference,82719,82718,https://ec.europa.eu/spain/barcelona,https://webgate.ec.europa.eu/playground-multisite/barcelona
reps-belgium,Representation in Belgium,https://github.com/ec-europa/reps-belgium-reference,82721,82720,https://ec.europa.eu/belgium,https://webgate.ec.europa.eu/playground-multisite/belgium
reps-bulgaria,Representation in Bulgaria,https://github.com/ec-europa/reps-bulgaria-reference,82723,82722,https://ec.europa.eu/bulgaria,https://webgate.ec.europa.eu/playground-multisite/bulgaria
reps-ceskarepublika,Representation in Czech Republic,https://github.com/ec-europa/reps-ceskarepublika-reference,82725,82724,https://ec.europa.eu/czech-republic,https://webgate.ec.europa.eu/playground-multisite/czech-republic
reps-croatia,Representation in Croatia,https://github.com/ec-europa/reps-croatia-reference,82727,82726,https://ec.europa.eu/croatia,https://webgate.ec.europa.eu/playground-multisite/croatia
reps-cyprus,Representation in Cyprus,https://github.com/ec-europa/reps-cyprus-reference,82729,82728,https://ec.europa.eu/cyprus,https://webgate.ec.europa.eu/playground-multisite/cyprus
reps-denmark,Representation in Denmark,https://github.com/ec-europa/reps-denmark-reference,82731,82730,https://ec.europa.eu/denmark,https://webgate.ec.europa.eu/playground-multisite/denmark
reps-deutschland,Representation in Germany,https://github.com/ec-europa/reps-deutschland-reference,82733,82732,https://ec.europa.eu/germany,https://webgate.ec.europa.eu/playground-multisite/deutschland
reps-estonia,Representation in Estonia,https://github.com/ec-europa/reps-estonia-reference,82735,82734,https://ec.europa.eu/estonia,https://webgate.ec.europa.eu/playground-multisite/estonia
reps-finland,Representation in Finland,https://github.com/ec-europa/reps-finland-reference,82737,82736,https://ec.europa.eu/finland,https://webgate.ec.europa.eu/playground-multisite/finland
reps-france,Representation in France,https://github.com/ec-europa/reps-france-reference,82739,82738,https://ec.europa.eu/france,https://webgate.ec.europa.eu/playground-multisite/france
reps-greece,Representation in Greece,https://github.com/ec-europa/reps-greece-reference,82741,82740,https://webgate.ec.europa.eu/multisite/greece,https://webgate.ec.europa.eu/playground-multisite/greece
reps-hungary,Representation in Hungary,https://github.com/ec-europa/reps-hungary-reference,82743,82742,https://ec.europa.eu/hungary,https://webgate.ec.europa.eu/playground-multisite/hungary
reps-ireland,Representation in Ireland,https://github.com/ec-europa/reps-ireland-reference,82745,82744,https://ec.europa.eu/ireland,https://webgate.ec.europa.eu/playground-multisite/ireland
reps-italy,Representation in Italy,https://github.com/ec-europa/reps-italy-reference,82747,82746,https://ec.europa.eu/italy,https://webgate.ec.europa.eu/playground-multisite/italy
reps-latvia,Representation in Latvia,https://github.com/ec-europa/reps-latvia-reference,82749,82748,https://ec.europa.eu/latvia,https://webgate.ec.europa.eu/playground-multisite/latvia
reps-lietuva,Representation in Lithuania,https://github.com/ec-europa/reps-lietuva-reference,82751,82750,https://ec.europa.eu/lithuania,https://webgate.ec.europa.eu/playground-multisite/lithuania
reps-luxembourg,Representation in Luxembourg,https://github.com/ec-europa/reps-luxembourg-reference,82753,82752,https://ec.europa.eu/luxembourg,https://webgate.ec.europa.eu/playground-multisite/luxembourg
reps-malta,Representation in Malta,https://github.com/ec-europa/reps-malta-reference,82757,82754,https://ec.europa.eu/malta,https://webgate.ec.europa.eu/playground-multisite/malta
reps-netherlands,Representation in Netherlands,https://github.com/ec-europa/reps-netherlands-reference,82759,82758,https://ec.europa.eu/netherlands,https://webgate.ec.europa.eu/playground-multisite/netherlands
reps-polska,Representation in Poland,https://github.com/ec-europa/reps-polska-reference,82761,82760,https://ec.europa.eu/poland,https://webgate.ec.europa.eu/playground-multisite/poland
reps-portugal,Representation in Portugal,https://github.com/ec-europa/reps-portugal-reference,82763,82762,https://ec.europa.eu/portugal,https://webgate.ec.europa.eu/playground-multisite/portugal
reps-romania,Representation in Romania,https://github.com/ec-europa/reps-romania-reference,82765,82764,https://ec.europa.eu/romania,https://webgate.ec.europa.eu/playground-multisite/romania
reps-slovakia,Representation in Slovakia,https://github.com/ec-europa/reps-slovakia-reference,82767,82766,https://ec.europa.eu/slovakia,https://webgate.ec.europa.eu/playground-multisite/slovaskia
reps-slovenia,Representation in Slovenia,https://github.com/ec-europa/reps-slovenia-reference,82769,82768,https://ec.europa.eu/slovenia,https://webgate.ec.europa.eu/playground-multisite/slovenia
reps-spain,Representation in Spain,https://github.com/ec-europa/reps-spain-reference,82771,82770,https://ec.europa.eu/spain,https://webgate.ec.europa.eu/playground-multisite/spain
reps-sweden,Representation in Sweden,https://github.com/ec-europa/reps-sweden-reference,82773,82772,https://ec.europa.eu/sweden,https://webgate.ec.europa.eu/playground-multisite/sweden
reps-unitedkingdom,Representation in United Kingdom,https://github.com/ec-europa/reps-unitedkingdom-reference,82775,82774,https://ec.europa.eu/unitedkingdom,https://webgate.ec.europa.eu/playground-multisite/unitedkingdom
road-safety,Mobility and Transport - Road Safety,https://github.com/ec-europa/road-safety-reference,82777,82776,https://ec.europa.eu/transport/road_safety,https://webgate.ec.europa.eu/playground-multisite/roadsafety
roma,ROMA Integration Measures Reporting Tool,https://github.com/ec-europa/roma-reference,82779,82778,https://webgate.ec.europa.eu/roma,https://webgate.ec.europa.eu/playground-multisite/roma
safety-alerts,Safety Alerts IT tool,https://github.com/ec-europa/safety_alerts-reference,82781,82780,https://webgate.ec.europa.eu/multisite/safetyalerts,https://webgate.ec.europa.eu/playground-multisite/safetyalerts
scicnet,SCICNET,https://github.com/ec-europa/scicnet-reference,82783,82782,https://webgate.ec.europa.eu/multisite/scicnet,https://webgate.ec.europa.eu/playground-multisite/scicnet
sealearning,Archived,https://github.com/ec-europa/sealearning-reference,82785,82784,https://webgate.ec.europa.eu/multisite/saelearning,https://webgate.ec.europa.eu/playground-multisite/saelearning
service-catalogue,DIGIT Service Catalogue,https://github.com/ec-europa/service-catalogue-reference,82787,82786,https://www.cc.cec/itservices,https://webgate.ec.europa.eu/playground-multisite/service-catalogue
sfc2014,System for Fund Management in the European Union,https://github.com/ec-europa/sfc2014-reference,82789,82788,https://ec.europa.eu/sfc,https://webgate.ec.europa.eu/playground-multisite/sfc2014
single-profile-server,Archived,https://github.com/ec-europa/single-profile-server-reference,82791,82790,https://webgate.ec.europa.eu/multisite/single-profile-server,https://webgate.ec.europa.eu/playground-multisite/single-profile-server
speech-repository,Speech Repository,https://github.com/ec-europa/speech-repository-reference,82793,82792,https://webgate.ec.europa.eu/sr,https://webgate.ec.europa.eu/playground-multisite/sr
sport,SPORT - Supporting fair play and cooperation in sport,https://github.com/ec-europa/sport-reference,82795,82794,https://ec.europa.eu/sport,https://webgate.ec.europa.eu/playground-multisite/sport
srb,Single Resolution Board,https://github.com/ec-europa/srb-reference,82797,82796,https://srb.europa.eu/,https://webgate.ec.europa.eu/playground-multisite/srbsite
stages,Traineeships,https://github.com/ec-europa/stages-reference,82799,82798,https://ec.europa.eu/stages,https://webgate.ec.europa.eu/playground-multisite/stages
stages2,Traineeships,https://github.com/ec-europa/stages2-reference,147517,147518,https://ec.europa.eu/stages,https://webgate.ec.europa.eu/playground-multisite/stages
taxedu,TAXEDU web-portal,https://github.com/ec-europa/taxedu-reference,82801,82800,https://webgate.ec.europa.eu/multisite/taxedu,https://webgate.ec.europa.eu/playground-multisite/taxedu
taxud,Taxation and Customs Union,https://github.com/ec-europa/taxud-reference,82803,82802,https://ec.europa.eu/taxation_customs,https://webgate.ec.europa.eu/playground-multisite/taxation
teachers-corner,Teachers' Corner,https://github.com/ec-europa/teachers-corner-reference,82805,82804,https://europa.eu/teachers-corner,https://webgate.ec.europa.eu/playground-multisite/teacherscorner
vocational-skills-week,European Vocational Skills Week,https://github.com/ec-europa/vocational-skills-week-reference,82807,82806,https://ec.europa.eu/social/vocational-skills-week,https://webgate.ec.europa.eu/playground-multisite/
workforyou,Archived,https://github.com/ec-europa/workforyou-reference,82809,82808,https://webgate.ec.europa.eu/multisite/workforyou/,https://webgate.ec.europa.eu/playground-multisite/workforyou
youthwiki,Youth Wiki,https://github.com/ec-europa/youthwiki-reference,82811,82810,https://eacea.ec.europa.eu/national-policies,https://webgate.ec.europa.eu/playground-multisite/youthwiki
youth,YOUTH - Supporting youth actions in Europe,https://github.com/ec-europa/youth-reference,82813,82812,https://ec.europa.eu/youth,https://webgate.ec.europa.eu/playground-multisite/youth